{
  "LogisticRegression": {
    "model_name": "LogisticRegression",
    "threshold": 0.52,
    "accuracy": 0.8707,
    "precision": 0.8783,
    "recall": 0.8732,
    "f1_macro": 0.8704,
    "f1_weighted": 0.8703,
    "roc_auc": 0.9449,
    "avg_precision": 0.9568,
    "confusion_matrix": {
      "tn": 53,
      "fp": 3,
      "fn": 12,
      "tp": 48
    },
    "per_class": {
      "safe": {
        "precision": 0.8153846153846154,
        "recall": 0.9464285714285714,
        "f1-score": 0.8760330578512396,
        "support": 56.0
      },
      "malicious": {
        "precision": 0.9411764705882353,
        "recall": 0.8,
        "f1-score": 0.8648648648648649,
        "support": 60.0
      }
    },
    "false_positive_rate": 0.0536,
    "false_negative_rate": 0.2,
    "accuracy_default_threshold": 0.8621,
    "f1_default_threshold": 0.8619
  },
  "XGBoost": {
    "model_name": "XGBoost",
    "threshold": 0.34,
    "accuracy": 0.9052,
    "precision": 0.9072,
    "recall": 0.9065,
    "f1_macro": 0.9052,
    "f1_weighted": 0.9051,
    "roc_auc": 0.9705,
    "avg_precision": 0.9753,
    "confusion_matrix": {
      "tn": 53,
      "fp": 3,
      "fn": 8,
      "tp": 52
    },
    "per_class": {
      "safe": {
        "precision": 0.8688524590163934,
        "recall": 0.9464285714285714,
        "f1-score": 0.905982905982906,
        "support": 56.0
      },
      "malicious": {
        "precision": 0.9454545454545454,
        "recall": 0.8666666666666667,
        "f1-score": 0.9043478260869565,
        "support": 60.0
      }
    },
    "false_positive_rate": 0.0536,
    "false_negative_rate": 0.1333,
    "accuracy_default_threshold": 0.9052,
    "f1_default_threshold": 0.9051
  }
}